-- phpMyAdmin SQL Dump
-- version 4.5.1
-- http://www.phpmyadmin.net
--
-- Хост: 127.0.0.1
-- Время создания: Мар 17 2017 г., 17:38
-- Версия сервера: 10.1.19-MariaDB
-- Версия PHP: 5.6.28

SET SQL_MODE = "NO_AUTO_VALUE_ON_ZERO";
SET time_zone = "+00:00";

--
-- База данных: `funny_kazakh`
--

-- --------------------------------------------------------

--
-- Структура таблицы `results`
--

CREATE TABLE `results` (
  `id` int(255) NOT NULL,
  `student_id` int(255) NOT NULL,
  `word_id` int(255) NOT NULL,
  `topic_id` int(255) NOT NULL,
  `task_type` varchar(255) NOT NULL
) ENGINE=InnoDB DEFAULT CHARSET=utf8;

-- --------------------------------------------------------

--
-- Структура таблицы `results_test`
--

CREATE TABLE `results_test` (
  `id` int(255) NOT NULL,
  `student_id` int(255) NOT NULL,
  `word_id` int(255) NOT NULL,
  `topic_id` int(255) NOT NULL,
  `task_type` varchar(255) NOT NULL,
  `test_grade` int(255) NOT NULL
) ENGINE=InnoDB DEFAULT CHARSET=utf8;

-- --------------------------------------------------------

--
-- Структура таблицы `students`
--

CREATE TABLE `students` (
  `student_id` int(255) NOT NULL,
  `user_id` int(255) NOT NULL,
  `studentClass` int(255) NOT NULL,
  `first_name` varchar(255) NOT NULL,
  `last_name` varchar(255) NOT NULL,
  `school_name` int(255) NOT NULL,
  `city` varchar(255) NOT NULL
) ENGINE=InnoDB DEFAULT CHARSET=utf8;

--
-- Дамп данных таблицы `students`
--

INSERT INTO `students` (`student_id`, `user_id`, `studentClass`, `first_name`, `last_name`, `school_name`, `city`) VALUES
(17, 24, 4, 'Омарбек', 'Динасил', 44, 'Кызылординская'),
(19, 27, 2, 'Яков', 'Яковлев', 79, 'Акмолинская'),
(20, 29, 1, 'Сымбат', 'Нурбай', 11, 'Алматы'),
(21, 31, 4, 'Ййййййй', 'Ййййййййй', 12, 'Костанайская');

-- --------------------------------------------------------

--
-- Структура таблицы `test`
--

CREATE TABLE `test` (
  `id` int(11) NOT NULL,
  `user_id` int(11) NOT NULL,
  `grade` int(11) NOT NULL,
  `score` float NOT NULL DEFAULT '0'
) ENGINE=InnoDB DEFAULT CHARSET=utf8;

--
-- Дамп данных таблицы `test`
--

INSERT INTO `test` (`id`, `user_id`, `grade`, `score`) VALUES
(1, 23, 1, 6),
(2, 23, 2, 63.75),
(3, 23, 3, 0),
(4, 23, 4, 0),
(5, 17, 1, 0),
(6, 17, 2, 0),
(7, 17, 3, 0),
(8, 17, 4, 0),
(9, 24, 1, 0),
(10, 24, 2, 0),
(11, 24, 3, 0),
(12, 24, 4, 0),
(13, 25, 1, 0),
(14, 25, 2, 0),
(15, 25, 3, 0),
(16, 25, 4, 0),
(18, 27, 1, 0),
(19, 27, 2, 0),
(20, 29, 1, 0),
(21, 31, 1, 0),
(22, 31, 2, 0),
(23, 31, 3, 0),
(24, 31, 4, 0);

-- --------------------------------------------------------

--
-- Структура таблицы `topics`
--

CREATE TABLE `topics` (
  `topic_id` int(255) NOT NULL,
  `topic_name` varchar(255) NOT NULL,
  `grade` int(10) NOT NULL
) ENGINE=InnoDB DEFAULT CHARSET=utf8;

--
-- Дамп данных таблицы `topics`
--

INSERT INTO `topics` (`topic_id`, `topic_name`, `grade`) VALUES
(1, 'Про себя', 1),
(2, 'Моя школа', 1),
(3, 'Моя семья и друзья', 1),
(4, 'Мир вокруг нас', 1),
(5, 'Путешествие', 1),
(6, 'Народные традиции и фольклор', 1),
(7, 'Еда и напитки', 1),
(8, 'В здоровом теле — здоровый дух', 1),
(9, 'Про себя', 2),
(10, 'Моя семья и друзья', 2),
(11, 'Моя школа', 2),
(12, 'Моя страна', 2),
(13, 'В здоровом теле — здоровый дух', 2),
(14, 'Традиции', 2),
(15, 'Окружающая среда', 2),
(16, 'Путешествие', 2),
(17, 'Живая природа', 3),
(18, 'Избегай плохих привычек', 3),
(19, 'Время', 3),
(20, 'Архитектура', 3),
(21, 'Искусство', 3),
(22, 'Известные личности', 3),
(23, 'Вода - источник жизни', 3),
(24, 'Культура отдыха. Праздники', 3),
(25, 'Моя Родина - Казахстан!', 4),
(26, 'Человеческие ценности', 4),
(27, 'Культурное наследие', 4),
(28, 'Мир профессий', 4),
(29, 'Явления природы', 4),
(30, 'Охрана Окружающей среды', 4),
(31, 'Путешествие в космос', 4),
(32, 'Путешествие в будущее', 4);

-- --------------------------------------------------------

--
-- Структура таблицы `topic_word`
--

CREATE TABLE `topic_word` (
  `id` int(255) NOT NULL,
  `word_id` int(255) NOT NULL,
  `topic_id` int(255) NOT NULL
) ENGINE=InnoDB DEFAULT CHARSET=utf8;

--
-- Дамп данных таблицы `topic_word`
--

INSERT INTO `topic_word` (`id`, `word_id`, `topic_id`) VALUES
(1, 1, 1),
(2, 2, 1),
(3, 3, 1),
(4, 4, 1),
(5, 5, 1),
(6, 6, 1),
(7, 7, 1),
(8, 8, 1),
(9, 9, 1),
(10, 10, 1),
(11, 11, 2),
(12, 12, 2),
(13, 13, 2),
(14, 14, 2),
(15, 15, 2),
(16, 16, 2),
(17, 17, 2),
(18, 18, 2),
(19, 19, 3),
(20, 20, 3),
(21, 21, 3),
(22, 22, 3),
(23, 23, 3),
(24, 24, 3),
(25, 25, 3),
(26, 26, 3),
(27, 27, 3),
(28, 28, 3),
(29, 29, 4),
(30, 30, 4),
(31, 31, 4),
(32, 32, 4),
(33, 33, 4),
(34, 34, 4),
(35, 35, 5),
(36, 36, 5),
(37, 37, 5),
(38, 38, 5),
(39, 39, 5),
(40, 40, 5),
(41, 41, 5),
(42, 42, 5),
(43, 43, 5),
(44, 44, 6),
(45, 45, 6),
(46, 46, 6),
(47, 47, 6),
(48, 48, 6),
(49, 49, 6),
(50, 50, 6),
(51, 51, 7),
(52, 52, 7),
(53, 53, 7),
(54, 54, 7),
(55, 55, 7),
(56, 56, 7),
(57, 57, 7),
(58, 58, 7),
(59, 59, 7),
(60, 60, 7),
(61, 61, 8),
(62, 62, 8),
(63, 63, 8),
(64, 64, 8),
(65, 65, 8),
(66, 66, 8),
(67, 67, 8),
(68, 68, 8),
(69, 69, 8),
(70, 70, 8),
(71, 71, 9),
(72, 72, 9),
(73, 73, 9),
(74, 74, 9),
(75, 75, 9),
(76, 76, 9),
(77, 77, 9),
(78, 78, 10),
(79, 79, 10),
(80, 80, 10),
(81, 81, 10),
(82, 82, 10),
(83, 83, 10),
(84, 84, 10),
(85, 85, 10),
(86, 86, 11),
(87, 87, 11),
(88, 88, 11),
(89, 89, 11),
(90, 90, 11),
(91, 91, 11),
(92, 92, 11),
(93, 93, 11),
(94, 94, 11),
(95, 95, 11),
(96, 96, 12),
(97, 97, 12),
(98, 98, 12),
(99, 99, 12),
(100, 100, 12),
(101, 101, 12),
(102, 102, 12),
(103, 103, 12),
(104, 104, 12),
(105, 105, 12),
(106, 106, 13),
(107, 107, 13),
(108, 108, 13),
(109, 109, 13),
(110, 110, 13),
(111, 111, 13),
(112, 112, 13),
(113, 113, 13),
(114, 114, 13),
(115, 115, 13),
(116, 116, 14),
(117, 117, 14),
(118, 118, 14),
(119, 119, 14),
(120, 120, 14),
(121, 121, 14),
(122, 122, 14),
(123, 123, 14),
(124, 124, 14),
(125, 125, 14),
(126, 126, 15),
(127, 127, 15),
(128, 128, 15),
(129, 129, 15),
(130, 130, 15),
(131, 131, 15),
(132, 132, 15),
(133, 133, 15),
(134, 134, 16),
(135, 135, 16),
(136, 136, 16),
(137, 137, 16),
(138, 138, 16),
(139, 139, 16),
(140, 140, 16),
(141, 141, 16),
(142, 142, 16),
(143, 143, 16),
(144, 144, 17),
(145, 145, 17),
(146, 146, 17),
(147, 147, 17),
(148, 148, 17),
(149, 149, 17),
(150, 150, 17),
(151, 151, 17),
(152, 152, 17),
(153, 153, 17),
(154, 154, 18),
(155, 155, 18),
(156, 156, 18),
(157, 157, 18),
(158, 158, 18),
(159, 159, 18),
(160, 160, 18),
(161, 161, 19),
(162, 162, 19),
(163, 163, 19),
(164, 164, 19),
(165, 165, 19),
(166, 166, 19),
(167, 167, 19),
(168, 168, 19),
(169, 169, 19),
(170, 170, 19),
(171, 171, 20),
(172, 172, 20),
(173, 173, 20),
(174, 174, 20),
(175, 175, 20),
(176, 176, 20),
(177, 177, 20),
(178, 178, 20),
(179, 179, 21),
(180, 180, 21),
(181, 181, 21),
(182, 182, 21),
(183, 183, 21),
(184, 184, 21),
(185, 185, 21),
(186, 186, 21),
(187, 187, 21),
(188, 188, 22),
(189, 189, 22),
(190, 190, 22),
(191, 191, 22),
(192, 192, 22),
(193, 193, 22),
(194, 194, 22),
(195, 195, 22),
(196, 196, 22),
(197, 197, 22),
(198, 198, 23),
(199, 199, 23),
(200, 200, 23),
(201, 201, 23),
(202, 202, 23),
(203, 203, 23),
(204, 204, 23),
(205, 205, 23),
(206, 206, 23),
(207, 207, 23),
(208, 208, 24),
(209, 209, 24),
(210, 210, 24),
(211, 211, 24),
(212, 212, 24),
(213, 213, 24),
(214, 214, 24),
(215, 215, 24),
(216, 216, 25),
(217, 217, 25),
(218, 218, 25),
(219, 219, 25),
(220, 220, 25),
(221, 221, 25),
(222, 222, 25),
(223, 223, 25),
(224, 224, 25),
(225, 225, 25),
(226, 226, 25),
(227, 227, 25),
(228, 228, 25),
(229, 229, 25),
(230, 230, 25),
(231, 231, 26),
(232, 232, 26),
(233, 233, 26),
(234, 234, 26),
(235, 235, 26),
(236, 236, 26),
(237, 237, 26),
(238, 238, 26),
(239, 239, 26),
(240, 240, 26),
(241, 241, 26),
(242, 242, 26),
(243, 243, 26),
(244, 244, 27),
(245, 245, 27),
(246, 246, 27),
(247, 247, 27),
(248, 248, 27),
(249, 249, 27),
(250, 250, 27),
(251, 251, 27),
(252, 252, 27),
(253, 253, 28),
(254, 254, 28),
(255, 255, 28),
(256, 256, 28),
(257, 257, 28),
(258, 258, 28),
(259, 259, 28),
(260, 260, 28),
(261, 261, 28),
(262, 262, 28),
(263, 263, 28),
(264, 264, 28),
(265, 265, 28),
(266, 266, 29),
(267, 267, 29),
(268, 268, 29),
(269, 269, 29),
(270, 270, 29),
(271, 271, 29),
(272, 272, 29),
(273, 273, 29),
(274, 274, 29),
(275, 275, 29),
(276, 276, 29),
(277, 277, 29),
(278, 278, 29),
(279, 279, 29),
(280, 280, 29),
(281, 281, 30),
(282, 282, 30),
(283, 283, 30),
(284, 284, 30),
(285, 285, 30),
(286, 286, 30),
(287, 287, 30),
(288, 288, 30),
(289, 289, 30),
(290, 290, 30),
(291, 291, 30),
(292, 292, 30),
(293, 293, 30),
(294, 294, 30),
(295, 295, 30),
(296, 296, 31),
(297, 297, 31),
(298, 298, 31),
(299, 299, 31),
(300, 300, 31),
(301, 301, 31),
(302, 302, 31),
(303, 303, 31),
(304, 304, 31),
(305, 305, 31),
(306, 306, 31),
(307, 307, 31),
(308, 308, 31),
(309, 309, 31),
(310, 310, 32),
(311, 311, 32),
(312, 312, 32),
(313, 313, 32),
(314, 314, 32),
(315, 315, 32),
(316, 316, 32),
(317, 317, 32),
(318, 318, 32),
(319, 319, 32),
(320, 320, 32),
(321, 321, 32),
(325, 325, 33);

-- --------------------------------------------------------

--
-- Структура таблицы `users`
--

CREATE TABLE `users` (
  `user_id` int(255) NOT NULL,
  `email` varchar(255) CHARACTER SET latin1 NOT NULL,
  `password` varchar(255) CHARACTER SET latin1 NOT NULL,
  `status` int(3) NOT NULL
) ENGINE=InnoDB DEFAULT CHARSET=utf8;

--
-- Дамп данных таблицы `users`
--

INSERT INTO `users` (`user_id`, `email`, `password`, `status`) VALUES
(24, 'omarbek96@mail.ru', 'cfa2ed2aac6d61f44ca9cba73e1e8946b7cd7d22', 1),
(25, 'admin@mail.ru', '6216f8a75fd5bb3d5f22b6f9958cdede3fc086c2', 2),
(27, 'yakov@mail.ru', '752ae7bdbb96bf25280b55990570beabf2048ce0', 1),
(29, 'symbat@gmail.com', '40bd001563085fc35165329ea1ff5c5ecbdbbeef', 1),
(30, 'user03@gmail.com', '6216f8a75fd5bb3d5f22b6f9958cdede3fc086c2', 1),
(31, 'qqqq@mail.ru', '33a9e269dd782e92489a8e547b7ed582e0e1d42b', 1);

-- --------------------------------------------------------

--
-- Структура таблицы `user_topic`
--

CREATE TABLE `user_topic` (
  `id` int(11) NOT NULL,
  `user_id` int(11) NOT NULL,
  `topic_id` int(11) NOT NULL,
  `one` float NOT NULL DEFAULT '0',
  `two` float NOT NULL DEFAULT '0',
  `three` float NOT NULL DEFAULT '0',
  `four` float NOT NULL DEFAULT '0',
  `five` float NOT NULL DEFAULT '0',
  `six` float NOT NULL DEFAULT '0'
) ENGINE=InnoDB DEFAULT CHARSET=utf8;

--
-- Дамп данных таблицы `user_topic`
--

INSERT INTO `user_topic` (`id`, `user_id`, `topic_id`, `one`, `two`, `three`, `four`, `five`, `six`) VALUES
(187, 24, 1, 0, 0, 0, 0, 0, 0),
(188, 24, 2, 0, 0, 0, 0, 0, 0),
(189, 24, 3, 0, 0, 0, 0, 0, 0),
(190, 24, 4, 0, 0, 0, 0, 0, 0),
(191, 24, 5, 0, 0, 0, 0, 0, 0),
(192, 24, 6, 0, 0, 0, 0, 0, 0),
(193, 24, 7, 0, 0, 0, 0, 0, 0),
(194, 24, 8, 0, 0, 0, 0, 0, 0),
(195, 24, 9, 0, 0, 0, 0, 0, 0),
(196, 24, 10, 0, 0, 0, 0, 0, 0),
(197, 24, 11, 0, 0, 0, 0, 0, 0),
(198, 24, 12, 0, 0, 0, 0, 0, 0),
(199, 24, 13, 0, 0, 0, 0, 0, 0),
(200, 24, 14, 0, 0, 0, 0, 0, 0),
(201, 24, 15, 0, 0, 0, 0, 0, 0),
(202, 24, 16, 0, 0, 0, 0, 0, 0),
(203, 24, 17, 0, 0, 0, 0, 0, 0),
(204, 24, 18, 0, 0, 0, 0, 0, 0),
(205, 24, 19, 0, 0, 0, 0, 0, 0),
(206, 24, 20, 0, 0, 0, 0, 0, 0),
(207, 24, 21, 0, 0, 0, 0, 0, 0),
(208, 24, 22, 0, 0, 0, 0, 0, 0),
(209, 24, 23, 0, 0, 0, 0, 0, 0),
(210, 24, 24, 0, 0, 0, 0, 0, 0),
(211, 24, 25, 0, 0, 0, 0, 0, 0),
(212, 24, 26, 0, 0, 0, 0, 0, 0),
(213, 24, 27, 0, 0, 0, 0, 0, 0),
(214, 24, 28, 0, 0, 0, 0, 0, 0),
(215, 24, 29, 0, 0, 0, 0, 0, 0),
(216, 24, 30, 0, 0, 0, 0, 0, 0),
(217, 24, 31, 0, 0, 0, 0, 0, 0),
(218, 24, 32, 0, 0, 0, 0, 0, 0),
(228, 27, 1, 100, 90, 90, 80, 100, 90),
(229, 27, 2, 60, 70, 50, 50, 60, 70),
(230, 27, 3, 0, 0, 0, 0, 0, 0),
(231, 27, 4, 0, 0, 0, 0, 0, 0),
(232, 27, 5, 0, 0, 0, 0, 0, 0),
(233, 27, 6, 0, 0, 0, 0, 0, 0),
(234, 27, 7, 0, 0, 0, 0, 0, 0),
(235, 27, 8, 0, 0, 0, 0, 0, 0),
(236, 27, 9, 60, 55, 90, 80, 90, 100),
(237, 27, 10, 0, 0, 0, 0, 0, 0),
(238, 27, 11, 0, 0, 0, 0, 0, 0),
(239, 27, 12, 0, 0, 0, 0, 0, 0),
(240, 27, 13, 0, 0, 0, 0, 0, 0),
(241, 27, 14, 0, 0, 0, 0, 0, 0),
(242, 27, 15, 0, 0, 0, 0, 0, 0),
(243, 27, 16, 0, 0, 0, 0, 0, 0),
(244, 29, 1, 0, 0, 0, 0, 0, 0),
(245, 29, 2, 0, 0, 0, 0, 0, 0),
(246, 29, 3, 0, 0, 0, 0, 0, 0),
(247, 29, 4, 0, 0, 0, 0, 0, 0),
(248, 29, 5, 0, 0, 0, 0, 0, 0),
(249, 29, 6, 0, 0, 0, 0, 0, 0),
(250, 29, 7, 0, 0, 0, 0, 0, 0),
(251, 29, 8, 0, 0, 0, 0, 0, 0),
(252, 31, 1, 0, 0, 0, 0, 0, 0),
(253, 31, 2, 0, 0, 0, 0, 0, 0),
(254, 31, 3, 0, 0, 0, 0, 0, 0),
(255, 31, 4, 0, 0, 0, 0, 0, 0),
(256, 31, 5, 0, 0, 0, 0, 0, 0),
(257, 31, 6, 0, 0, 0, 0, 0, 0),
(258, 31, 7, 0, 0, 0, 0, 0, 0),
(259, 31, 8, 0, 0, 0, 0, 0, 0),
(260, 31, 9, 0, 0, 0, 0, 0, 0),
(261, 31, 10, 0, 0, 0, 0, 0, 0),
(262, 31, 11, 0, 0, 0, 0, 0, 0),
(263, 31, 12, 0, 0, 0, 0, 0, 0),
(264, 31, 13, 0, 0, 0, 0, 0, 0),
(265, 31, 14, 0, 0, 0, 0, 0, 0),
(266, 31, 15, 0, 0, 0, 0, 0, 0),
(267, 31, 16, 0, 0, 0, 0, 0, 0),
(268, 31, 17, 0, 0, 0, 0, 0, 0),
(269, 31, 18, 0, 0, 0, 0, 0, 0),
(270, 31, 19, 0, 0, 0, 0, 0, 0),
(271, 31, 20, 0, 0, 0, 0, 0, 0),
(272, 31, 21, 0, 0, 0, 0, 0, 0),
(273, 31, 22, 0, 0, 0, 0, 0, 0),
(274, 31, 23, 0, 0, 0, 0, 0, 0),
(275, 31, 24, 0, 0, 0, 0, 0, 0),
(276, 31, 25, 0, 0, 0, 0, 0, 0),
(277, 31, 26, 0, 0, 0, 0, 0, 0),
(278, 31, 27, 0, 0, 0, 0, 0, 0),
(279, 31, 28, 0, 0, 0, 0, 0, 0),
(280, 31, 29, 0, 0, 0, 0, 0, 0),
(281, 31, 30, 0, 0, 0, 0, 0, 0),
(282, 31, 31, 0, 0, 0, 0, 0, 0),
(283, 31, 32, 0, 0, 0, 0, 0, 0);

-- --------------------------------------------------------

--
-- Структура таблицы `words`
--

CREATE TABLE `words` (
  `word_id` int(255) NOT NULL,
  `word_rus` varchar(255) NOT NULL,
  `word_kaz` varchar(255) NOT NULL
) ENGINE=InnoDB DEFAULT CHARSET=utf8;

--
-- Дамп данных таблицы `words`
--

INSERT INTO `words` (`word_id`, `word_rus`, `word_kaz`) VALUES
(1, 'я', 'мен'),
(2, 'ты', 'сен'),
(3, 'кто?', 'кім?'),
(4, 'что?', 'не?'),
(5, 'имя', 'ат'),
(6, 'большой', 'үлкен'),
(7, 'маленький', 'кішкентай'),
(8, 'ученик', 'оқушы'),
(9, 'учитель', 'ағай'),
(10, 'учительница', 'апай'),
(11, 'книга', 'кітап'),
(12, 'тетрадь', 'дәптер'),
(13, 'ручка', 'қалам'),
(14, 'школа', 'мектеп'),
(15, 'класс', 'сынып'),
(16, 'карандаш', 'қарындаш'),
(17, 'доска', 'тақта'),
(18, 'писать', 'жазу'),
(19, 'семья', 'отбасы'),
(20, 'папа', 'әке'),
(21, 'дедушка', 'ата'),
(22, 'бабушка', 'әже'),
(23, 'мама', 'ана'),
(24, 'друг', 'дос'),
(25, 'щенок', 'күшік'),
(26, 'кот', 'мысық'),
(27, 'читать', 'оқу'),
(28, 'играть', 'ойнау'),
(29, 'дом', 'үй'),
(30, 'гора', 'тау'),
(31, 'улица', 'көше'),
(32, 'рисунок', 'сурет'),
(33, 'двор', 'аула'),
(34, 'магазин', 'дүкен'),
(35, 'парк', 'саябақ'),
(36, 'путешествие', 'саяхат'),
(37, 'мяч', 'доп'),
(38, 'качели', 'әткеншек'),
(39, 'деревня', 'ауыл'),
(40, 'город', 'қала'),
(41, 'пинать', 'тебу'),
(42, 'ходить', 'жүру'),
(43, 'сидеть', 'отыру'),
(44, 'сказка', 'ертегі'),
(45, 'домбра', 'домбыра'),
(46, 'орнамент', 'ою'),
(47, 'волк', 'қасқыр'),
(48, 'заяц', 'қоян'),
(49, 'лиса', 'түлкі'),
(50, 'лев', 'арыстан'),
(51, 'молоко', 'сүт'),
(52, 'кефир', 'айран'),
(53, 'хлеб', 'нан'),
(54, 'яблоко', 'алма'),
(55, 'вишня', 'шие'),
(56, 'сыр', 'ірімшік'),
(57, 'сок', 'шырын'),
(58, 'вода', 'су'),
(59, 'каша', 'ботқа'),
(60, 'пить', 'ішу'),
(61, 'голова', 'бас'),
(62, 'рука', 'қол'),
(63, 'нос', 'мұрын'),
(64, 'глаз', 'көз'),
(65, 'ухо', 'құлақ'),
(66, 'рот', 'ауыз'),
(67, 'правый', 'оң'),
(68, 'левый', 'сол'),
(69, 'врач', 'дәрігер'),
(70, 'поликлиника', 'емхана'),
(71, 'возраст', 'жас'),
(72, 'мягкий', 'жұмсақ'),
(73, 'твердый', 'қатты'),
(74, 'кукла', 'қуыршақ'),
(75, 'игрушка', 'ойыншық'),
(76, 'открой', 'аш'),
(77, 'закрой', 'жап'),
(78, 'брат', 'аға'),
(79, 'умный', 'ақылды'),
(80, 'сестра', 'әпке'),
(81, 'сестренка (для мальчика)', 'қарындас'),
(82, 'сестренка (для девочки)', 'сіңлі'),
(83, 'варенье', 'тосап'),
(84, 'братишка', 'іні'),
(85, 'человек', 'адам'),
(86, 'пластилин', 'ермексаз'),
(87, 'дневник', 'күнделік'),
(88, 'пенал', 'қаламсауыт'),
(89, 'учебные принадлежности', 'оқу құралдары'),
(90, 'ластик', 'өшіргіш'),
(91, 'линейка', 'сызғыш'),
(92, 'точилка', 'ұштағыш'),
(93, 'клей', 'желім'),
(94, 'бумага', 'қағаз'),
(95, 'ножницы', 'қайшы'),
(96, 'дерево', 'ағаш'),
(97, 'страна', 'ел'),
(98, 'столица', 'елорда'),
(99, 'земля', 'жер'),
(100, 'грязный', 'лас');


INSERT INTO `words` (`word_id`, `word_rus`, `word_kaz`) VALUES
(101, 'чистый', 'таза'),
(102, 'чистить', 'тазалау'),
(103, 'лопата', 'күрек'),
(104, 'копать', 'қазу'),
(105, 'подметать', 'сыпыру'),
(106, 'обувь', 'аяқкиім'),
(107, 'шапка', 'баскиім'),
(108, 'зуб', 'тіс'),
(109, 'грипп', 'тұмау'),
(110, 'ботинок', 'бәтеңке'),
(111, 'сапог', 'етік'),
(112, 'свитер', 'жемпір'),
(113, 'платье', 'көйлек'),
(114, 'палец', 'саусақ'),
(115, 'брюки', 'шалбар'),
(116, 'танец', 'би'),
(117, 'стол', 'дастарқан'),
(118, 'праздник', 'мейрам'),
(119, 'верблюжонок', 'бота'),
(120, 'лошадь', 'жылқы'),
(121, 'ягнёнок', 'қозы'),
(122, 'овца', 'қой'),
(123, 'жеребёнок', 'құлын'),
(124, 'корова', 'сиыр'),
(125, 'верблюд', 'түйе'),
(126, 'неделя', 'апта'),
(127, 'день', 'күн'),
(128, 'подснежник', 'бәйшешек'),
(129, 'роза', 'раушан'),
(130, 'тюльпан', 'қызғалдақ'),
(131, 'цветок', 'гүл'),
(132, 'светофор', 'бағдаршам'),
(133, 'остановить', 'тоқтау'),
(134, 'рыба', 'балық'),
(135, 'выходной день', 'демалыс'),
(136, 'океанариум', 'мұхитарал'),
(137, 'аэропорт', 'әуежай'),
(138, 'плавать', 'жүзу'),
(139, 'вертолет', 'тікұшақ'),
(140, 'летать', 'ұшу'),
(141, 'самолет', 'ұшақ'),
(142, 'корабль', 'кеме'),
(143, 'лодка', 'қайық'),
(144, 'сад', 'бақша'),
(145, 'лист', 'жапырақ'),
(146, 'насекомое', 'жәндік'),
(147, 'осень', 'күз'),
(148, 'птица', 'құс'),
(149, 'посадить', 'отырғызу'),
(150, 'природа', 'табиғат'),
(151, 'гнездо', 'ұя'),
(152, 'корм', 'жем'),
(153, 'растение', 'өсімдік'),
(154, 'благодарность', 'алғыс'),
(155, 'ленивый', 'жалқау'),
(156, 'помощь', 'көмек'),
(157, 'уважение', 'құрмет'),
(158, 'хвастун', 'мақтаншақ'),
(159, 'вежливый', 'сыпайы'),
(160, 'аккуратный', 'ұқыпты'),
(161, 'месяц', 'ай'),
(162, 'ночь', 'түн'),
(163, 'час', 'сағат'),
(164, 'утро', 'таңертең'),
(165, 'сутки', 'тәулік'),
(166, 'время', 'уақыт'),
(167, 'зима', 'қыс'),
(168, 'лето', 'жаз'),
(169, 'весна', 'көктем'),
(170, 'сезон', 'мезгіл'),
(171, 'низкий', 'аласа'),
(172, 'высокий', 'биік'),
(173, 'комната', 'бөлме'),
(174, 'здание', 'ғимарат'),
(175, 'высотный', 'көпқабатты'),
(176, 'строительство', 'құрылыс'),
(177, 'искусство', 'өнер'),
(178, 'архитектор', 'сәулетші'),
(179, 'песня', 'ән'),
(180, 'певец', 'әнші'),
(181, 'конкурс', 'байқау'),
(182, 'танцор', 'биші'),
(183, 'выставка', 'көрме'),
(184, 'композитор', 'сазгер'),
(185, 'тогызкумалак', 'тоғызқұмалақ'),
(186, 'победитель', 'жеңімпаз'),
(187, 'приз', 'жүлде'),
(188, 'поэт', 'ақын'),
(189, 'знаменитый', 'атақты'),
(190, 'писатель', 'жазушы'),
(191, 'новость', 'жаңалық'),
(192, 'достижение', 'жетістік'),
(193, 'спортсмен', 'спортшы'),
(194, 'известный', 'танымал'),
(195, 'музей', 'мұражай'),
(196, 'ученый', 'ғалым'),
(197, 'знание', 'білім'),
(198, 'горький', 'ащы'),
(199, 'родник', 'бұлақ'),
(200, 'облако', 'бұлт');

INSERT INTO `words` (`word_id`, `word_rus`, `word_kaz`) VALUES
(201, 'дождь', 'жаңбыр'),
(202, 'лед', 'мұз'),
(203, 'река', 'өзен'),
(204, 'капля', 'тамшы'),
(205, 'соленый', 'тұзды'),
(206, 'колодец', 'құдық'),
(207, 'орошать', 'суару'),
(208, 'отдыхать', 'демалу'),
(209, 'бегать', 'жүгіру'),
(210, 'опаздывать', 'кешігу'),
(211, 'поздравлять', 'құттықтау'),
(212, 'праздник', 'мереке'),
(213, 'подарок', 'сыйлық'),
(214, 'дисциплина', 'тәртіп'),
(215, 'купаться', 'шомылу'),
(216, 'столица', 'астана'),
(217, 'остановка', 'аялдама'),
(218, 'гимн', 'әнұран'),
(219, 'счастливый', 'бақытты'),
(220, 'содружество', 'достастық'),
(221, 'президент', 'елбасы'),
(222, 'герб', 'елтаңба'),
(223, 'государство', 'мемлекет'),
(224, 'область', 'облыс'),
(225, 'Родина', 'Отан'),
(226, 'символ', 'рәміз'),
(227, 'мирные отношения', 'татулық'),
(228, 'флаг', 'ту'),
(229, 'шанырак', 'шаңырақ'),
(230, 'народ', 'халық'),
(231, 'честный', 'адал'),
(232, 'ум', 'ақыл'),
(233, 'нечестный', 'арам'),
(234, 'гнев', 'ашу'),
(235, 'воспитанный', 'әдепті'),
(236, 'образованный', 'білімді'),
(237, 'трудолюбивый', 'еңбекқор'),
(238, 'добро', 'жақсылық'),
(239, 'лень', 'жалқаулық'),
(240, 'ложь', 'өтірік'),
(241, 'обида', 'реніш'),
(242, 'спокойный', 'сабырлы'),
(243, 'стыд', 'ұят'),
(244, 'инструмент', 'аспап'),
(245, 'загадка', 'жұмбақ'),
(246, 'кюй', 'күй'),
(247, 'кобыз', 'қобыз'),
(248, 'наследие', 'мұра'),
(249, 'музей', 'мұражай'),
(250, 'традиция', 'салт-дәстүр'),
(251, 'кольчуга', 'сауыт'),
(252, 'мелодия', 'саз'),
(253, 'зарплата', 'айлық'),
(254, 'повар', 'аспаз'),
(255, 'работа', 'жұмыс'),
(256, 'принимать', 'қабылдау'),
(257, 'строитель', 'құрылысшы'),
(258, 'профессия', 'мамандық'),
(259, 'полезный', 'пайдалы'),
(260, 'прыгать', 'секіру'),
(261, 'воспитатель', 'тәрбиеші'),
(262, 'пилот', 'ұшқыш'),
(263, 'начальник', 'бастық'),
(264, 'водить', 'жүргізу'),
(265, 'секретарь', 'хатшы'),
(266, 'мороз', 'аяз'),
(267, 'метель', 'боран'),
(268, 'облачный', 'бұлтты'),
(269, 'буря', 'дауыл'),
(270, 'ветер', 'жел'),
(271, 'блестеть', 'жылтырау'),
(272, 'теплый', 'жылы'),
(273, 'снег', 'қар'),
(274, 'радуга', 'қемпірқосақ'),
(275, 'зонтик', 'қолшатыр'),
(276, 'смерч', 'құйын'),
(277, 'сезон', 'мезгіл'),
(278, 'молния', 'найзағай'),
(279, 'ливень', 'нөсер'),
(280, 'скользкий', 'тайғақ'),
(281, 'зверь', 'аң'),
(282, 'воздух', 'ауа'),
(283, 'питьевая вода', 'ауызсу'),
(284, 'питаться', 'қоректену'),
(285, 'сухой', 'құрғақ'),
(286, 'загрязнять', 'ластау'),
(287, 'пища', 'тамақ'),
(288, 'задыхаться', 'тұншығу'),
(289, 'прозрачный', 'тұнық'),
(290, 'дым', 'түтін'),
(291, 'запах', 'иіс'),
(292, 'сайгак', 'киік'),
(293, 'уголь', 'көмір'),
(294, 'ядовитый', 'улы'),
(295, 'чайка', 'шағала'),
(296, 'крутиться', 'айналу'),
(297, 'планета', 'ғаламшар'),
(298, 'космос', 'ғарыш'),
(299, 'космонавт', 'ғарышкер'),
(300, 'круглый', 'дөңгелек'),
(301, 'блестеть', 'жарқырау'),
(302, 'ракета', 'зымыран'),
(303, 'парить', 'қалықтау'),
(304, 'приземляться', 'қону'),
(305, 'сокол', 'сұңқар'),
(306, 'пыль', 'тозаң'),
(307, 'мелкий', 'ұсақ'),
(308, 'квадрат', 'шаршы'),
(309, 'луч', 'шуақ'),
(310, 'мир', 'әлем'),
(311, 'направление', 'бағдар'),
(312, 'богатство', 'байлық'),
(313, 'воображение', 'қиял'),
(314, 'мощь', 'қуат'),
(315, 'машина', 'мәшине'),
(316, 'расти', 'өсу'),
(317, 'секрет', 'сыр'),
(318, 'заграница', 'шетел'),
(319, 'оплата', 'ақы'),
(320, 'очки', 'көзілдірік'),
(321, 'смелый', 'өжет'),
(325, 'богатый', 'бай');

--
-- Индексы сохранённых таблиц
--

--
-- Индексы таблицы `results`
--
ALTER TABLE `results`
  ADD PRIMARY KEY (`id`);

--
-- Индексы таблицы `results_test`
--
ALTER TABLE `results_test`
  ADD PRIMARY KEY (`id`);

--
-- Индексы таблицы `students`
--
ALTER TABLE `students`
  ADD PRIMARY KEY (`student_id`);

--
-- Индексы таблицы `test`
--
ALTER TABLE `test`
  ADD PRIMARY KEY (`id`);

--
-- Индексы таблицы `topics`
--
ALTER TABLE `topics`
  ADD PRIMARY KEY (`topic_id`);

--
-- Индексы таблицы `topic_word`
--
ALTER TABLE `topic_word`
  ADD PRIMARY KEY (`id`);

--
-- Индексы таблицы `users`
--
ALTER TABLE `users`
  ADD PRIMARY KEY (`user_id`),
  ADD UNIQUE KEY `ALTERNATE` (`email`);

--
-- Индексы таблицы `user_topic`
--
ALTER TABLE `user_topic`
  ADD PRIMARY KEY (`id`),
  ADD UNIQUE KEY `unique_index` (`user_id`,`topic_id`);

--
-- Индексы таблицы `words`
--
ALTER TABLE `words`
  ADD PRIMARY KEY (`word_id`);

--
-- AUTO_INCREMENT для сохранённых таблиц
--

--
-- AUTO_INCREMENT для таблицы `results`
--
ALTER TABLE `results`
  MODIFY `id` int(255) NOT NULL AUTO_INCREMENT;
--
-- AUTO_INCREMENT для таблицы `results_test`
--
ALTER TABLE `results_test`
  MODIFY `id` int(255) NOT NULL AUTO_INCREMENT;
--
-- AUTO_INCREMENT для таблицы `students`
--
ALTER TABLE `students`
  MODIFY `student_id` int(255) NOT NULL AUTO_INCREMENT, AUTO_INCREMENT=22;
--
-- AUTO_INCREMENT для таблицы `test`
--
ALTER TABLE `test`
  MODIFY `id` int(11) NOT NULL AUTO_INCREMENT, AUTO_INCREMENT=25;
--
-- AUTO_INCREMENT для таблицы `topics`
--
ALTER TABLE `topics`
  MODIFY `topic_id` int(255) NOT NULL AUTO_INCREMENT, AUTO_INCREMENT=33;
--
-- AUTO_INCREMENT для таблицы `topic_word`
--
ALTER TABLE `topic_word`
  MODIFY `id` int(255) NOT NULL AUTO_INCREMENT, AUTO_INCREMENT=326;
--
-- AUTO_INCREMENT для таблицы `users`
--
ALTER TABLE `users`
  MODIFY `user_id` int(255) NOT NULL AUTO_INCREMENT, AUTO_INCREMENT=32;
--
-- AUTO_INCREMENT для таблицы `user_topic`
--
ALTER TABLE `user_topic`
  MODIFY `id` int(11) NOT NULL AUTO_INCREMENT, AUTO_INCREMENT=284;
--
-- AUTO_INCREMENT для таблицы `words`
--
ALTER TABLE `words`
  MODIFY `word_id` int(255) NOT NULL AUTO_INCREMENT, AUTO_INCREMENT=326;
